{"batch": {"label": "batch", "average_duration": 0.34001642891452427, "n_events": 48749, "total_time": 16575.460893154144}, "batch.accumulate": {"label": "batch.accumulate", "average_duration": 0.002757326085516747, "n_events": 47, "total_time": 0.1295943260192871}, "batch.backward": {"label": "batch.backward", "average_duration": 0.19053931732090093, "n_events": 48749, "total_time": 9288.6011800766}, "batch.evaluate": {"label": "batch.evaluate", "average_duration": 0.00258597707197716, "n_events": 48749, "total_time": 126.06379628181458}, "batch.forward": {"label": "batch.forward", "average_duration": 0.09421277580272186, "n_events": 48749, "total_time": 4592.778607606888}, "batch.reduce": {"label": "batch.reduce", "average_duration": 31.37495103288204, "n_events": 47, "total_time": 1474.622698545456}, "batch.step": {"label": "batch.step", "average_duration": 0.019310074695311007, "n_events": 48749, "total_time": 941.3468313217163}, "epoch_metrics.collect": {"label": "epoch_metrics.collect", "average_duration": 0.0008355881794389472, "n_events": 249, "total_time": 0.20806145668029785}, "reduce.allreduce": {"label": "reduce.allreduce", "average_duration": 31.36423514244404, "n_events": 47, "total_time": 1474.11905169487}, "reduce.flat_pack": {"label": "reduce.flat_pack", "average_duration": 0.0017809411312671418, "n_events": 47, "total_time": 0.08370423316955566}, "test.last": {"label": "test.last", "average_duration": 6.524920867628841, "n_events": 249, "total_time": 1624.7052960395813}}