{"batch": {"label": "batch", "average_duration": 1.9726959061334377, "n_events": 579, "total_time": 1142.1909296512604}, "batch.accumulate": {"label": "batch.accumulate", "average_duration": 0.00029517208356313754, "n_events": 579, "total_time": 0.17090463638305664}, "batch.backward": {"label": "batch.backward", "average_duration": 0.06778420314887645, "n_events": 579, "total_time": 39.24705362319946}, "batch.evaluate": {"label": "batch.evaluate", "average_duration": 0.0014676747132665341, "n_events": 579, "total_time": 0.8497836589813232}, "batch.forward": {"label": "batch.forward", "average_duration": 0.03149632098143582, "n_events": 579, "total_time": 18.236369848251343}, "batch.reduce": {"label": "batch.reduce", "average_duration": 1.8676215243463072, "n_events": 579, "total_time": 1081.3528625965118}, "batch.step": {"label": "batch.step", "average_duration": 0.003118684666556192, "n_events": 579, "total_time": 1.8057184219360352}, "epoch_metrics.collect": {"label": "epoch_metrics.collect", "average_duration": 0.00037405225965711806, "n_events": 9, "total_time": 0.0033664703369140625}, "reduce.allreduce": {"label": "reduce.allreduce", "average_duration": 1.8668023831691973, "n_events": 579, "total_time": 1080.8785798549652}, "reduce.flat_pack": {"label": "reduce.flat_pack", "average_duration": 0.0003304987991412069, "n_events": 579, "total_time": 0.1913588047027588}, "test.last": {"label": "test.last", "average_duration": 1.2038290765550401, "n_events": 9, "total_time": 10.834461688995361}}