{"batch": {"label": "batch", "average_duration": 1.0024619973809017, "n_events": 2339, "total_time": 2344.758611873929}, "batch.accumulate": {"label": "batch.accumulate", "average_duration": 0.00017275038782565302, "n_events": 2339, "total_time": 0.40406315712420243}, "batch.backward": {"label": "batch.backward", "average_duration": 0.00515514751050329, "n_events": 2339, "total_time": 12.057890027067197}, "batch.evaluate": {"label": "batch.evaluate", "average_duration": 0.0004901488027554288, "n_events": 2339, "total_time": 1.146458049644948}, "batch.forward": {"label": "batch.forward", "average_duration": 0.0024470917101878592, "n_events": 2339, "total_time": 5.723747510129403}, "batch.reduce": {"label": "batch.reduce", "average_duration": 0.9928800544058011, "n_events": 2339, "total_time": 2322.3464472551686}, "batch.step": {"label": "batch.step", "average_duration": 0.0009078431725629401, "n_events": 2339, "total_time": 2.123445180624717}, "epoch_metrics.collect": {"label": "epoch_metrics.collect", "average_duration": 0.0007400247785780164, "n_events": 9, "total_time": 0.0066602230072021484}, "reduce.allreduce": {"label": "reduce.allreduce", "average_duration": 0.992229824520681, "n_events": 2339, "total_time": 2320.8255595538726}, "reduce.flat_pack": {"label": "reduce.flat_pack", "average_duration": 0.00013000818877475948, "n_events": 2339, "total_time": 0.30408915354416244}, "test.last": {"label": "test.last", "average_duration": 1.2410057650672064, "n_events": 9, "total_time": 11.169051885604858}}