{"batch": {"label": "batch", "average_duration": 1.6524888941139786, "n_events": 2339, "total_time": 3865.171523332596}, "batch.accumulate": {"label": "batch.accumulate", "average_duration": 0.00017589358704474402, "n_events": 2339, "total_time": 0.41141510009765625}, "batch.backward": {"label": "batch.backward", "average_duration": 0.0051787669152059635, "n_events": 2339, "total_time": 12.113135814666748}, "batch.evaluate": {"label": "batch.evaluate", "average_duration": 0.0005218864455596154, "n_events": 2339, "total_time": 1.2206923961639404}, "batch.forward": {"label": "batch.forward", "average_duration": 0.0024692063252097166, "n_events": 2339, "total_time": 5.775473594665527}, "batch.reduce": {"label": "batch.reduce", "average_duration": 1.6423736217950542, "n_events": 2339, "total_time": 3841.5119013786316}, "batch.step": {"label": "batch.step", "average_duration": 0.0013145294491171378, "n_events": 2339, "total_time": 3.0746843814849854}, "epoch_metrics.collect": {"label": "epoch_metrics.collect", "average_duration": 0.0006678899129231771, "n_events": 9, "total_time": 0.006011009216308594}, "reduce.allreduce": {"label": "reduce.allreduce", "average_duration": 1.6415044867926145, "n_events": 2339, "total_time": 3839.4789946079254}, "reduce.flat_pack": {"label": "reduce.flat_pack", "average_duration": 0.0001405335328883725, "n_events": 2339, "total_time": 0.3287079334259033}, "test.last": {"label": "test.last", "average_duration": 0.6738599141438802, "n_events": 9, "total_time": 6.064739227294922}}