{"batch": {"label": "batch", "average_duration": 0.3456749024401445, "n_events": 14624, "total_time": 5055.149773284673}, "batch.accumulate": {"label": "batch.accumulate", "average_duration": 0.0014056389274466079, "n_events": 145, "total_time": 0.20381764447975814}, "batch.backward": {"label": "batch.backward", "average_duration": 0.06994283606469796, "n_events": 14624, "total_time": 1022.844034610143}, "batch.evaluate": {"label": "batch.evaluate", "average_duration": 0.0006554145324559916, "n_events": 14624, "total_time": 9.58478212263642}, "batch.forward": {"label": "batch.forward", "average_duration": 0.03976049856543072, "n_events": 14624, "total_time": 581.4575310208588}, "batch.reduce": {"label": "batch.reduce", "average_duration": 22.8213393385058, "n_events": 145, "total_time": 3309.094204083341}, "batch.step": {"label": "batch.step", "average_duration": 0.00613341202201662, "n_events": 14624, "total_time": 89.69501740997104}, "epoch_metrics.collect": {"label": "epoch_metrics.collect", "average_duration": 0.0006420129054301494, "n_events": 74, "total_time": 0.047508955001831055}, "reduce.allreduce": {"label": "reduce.allreduce", "average_duration": 22.797114799112798, "n_events": 145, "total_time": 3305.5816458713557}, "reduce.flat_pack": {"label": "reduce.flat_pack", "average_duration": 0.00101790886974007, "n_events": 145, "total_time": 0.14759678611231014}, "test.last": {"label": "test.last", "average_duration": 4.619735737104674, "n_events": 74, "total_time": 341.86044454574585}}