{"batch": {"label": "batch", "average_duration": 0.3456749024401445, "n_events": 29249, "total_time": 10110.645221471786}, "batch.accumulate": {"label": "batch.accumulate", "average_duration": 0.0014056389274466079, "n_events": 291, "total_time": 0.4090409278869629}, "batch.backward": {"label": "batch.backward", "average_duration": 0.06994283606469796, "n_events": 29249, "total_time": 2045.7580120563507}, "batch.evaluate": {"label": "batch.evaluate", "average_duration": 0.0006554145324559916, "n_events": 29249, "total_time": 19.170219659805298}, "batch.forward": {"label": "batch.forward", "average_duration": 0.03976049856543072, "n_events": 29249, "total_time": 1162.9548225402832}, "batch.reduce": {"label": "batch.reduce", "average_duration": 22.8213393385058, "n_events": 291, "total_time": 6641.009747505188}, "batch.step": {"label": "batch.step", "average_duration": 0.00613341202201662, "n_events": 29249, "total_time": 179.3961682319641}, "epoch_metrics.collect": {"label": "epoch_metrics.collect", "average_duration": 0.0006420129054301494, "n_events": 74, "total_time": 0.047508955001831055}, "reduce.allreduce": {"label": "reduce.allreduce", "average_duration": 22.797114799112798, "n_events": 291, "total_time": 6633.960406541824}, "reduce.flat_pack": {"label": "reduce.flat_pack", "average_duration": 0.00101790886974007, "n_events": 291, "total_time": 0.29621148109436035}, "test.last": {"label": "test.last", "average_duration": 4.619735737104674, "n_events": 74, "total_time": 341.86044454574585}}