{"batch": {"label": "batch", "average_duration": 2.6413246477617913, "n_events": 579, "total_time": 1529.3269710540771}, "batch.accumulate": {"label": "batch.accumulate", "average_duration": 0.0002545458047501164, "n_events": 579, "total_time": 0.14738202095031738}, "batch.backward": {"label": "batch.backward", "average_duration": 0.06114160046882168, "n_events": 579, "total_time": 35.400986671447754}, "batch.evaluate": {"label": "batch.evaluate", "average_duration": 0.0008403213118847993, "n_events": 579, "total_time": 0.48654603958129883}, "batch.forward": {"label": "batch.forward", "average_duration": 0.029533722240072457, "n_events": 579, "total_time": 17.100025177001953}, "batch.reduce": {"label": "batch.reduce", "average_duration": 2.5468471643220574, "n_events": 579, "total_time": 1474.6245081424713}, "batch.step": {"label": "batch.step", "average_duration": 0.001995541271150421, "n_events": 579, "total_time": 1.1554183959960938}, "epoch_metrics.collect": {"label": "epoch_metrics.collect", "average_duration": 0.00018699963887532553, "n_events": 9, "total_time": 0.0016829967498779297}, "reduce.allreduce_K": {"label": "reduce.allreduce_K", "average_duration": 2.544075865407888, "n_events": 579, "total_time": 1473.019926071167}, "reduce.flat_pack": {"label": "reduce.flat_pack", "average_duration": 0.000308862827808334, "n_events": 579, "total_time": 0.1788315773010254}, "reduce.setgrad": {"label": "reduce.setgrad", "average_duration": 0.0011850931072070396, "n_events": 579, "total_time": 0.686168909072876}, "test.last": {"label": "test.last", "average_duration": 1.0291795995500352, "n_events": 9, "total_time": 9.262616395950317}}