{"batch": {"label": "batch", "average_duration": 0.7015326948799764, "n_events": 14624, "total_time": 10259.214129924774}, "batch.accumulate": {"label": "batch.accumulate", "average_duration": 0.015716353778181404, "n_events": 145, "total_time": 2.2788712978363037}, "batch.backward": {"label": "batch.backward", "average_duration": 0.19498461483278734, "n_events": 14624, "total_time": 2851.455007314682}, "batch.evaluate": {"label": "batch.evaluate", "average_duration": 0.0024484705905423905, "n_events": 14624, "total_time": 35.80643391609192}, "batch.forward": {"label": "batch.forward", "average_duration": 0.10812503526586412, "n_events": 14624, "total_time": 1581.2205157279968}, "batch.reduce": {"label": "batch.reduce", "average_duration": 37.595894547166495, "n_events": 145, "total_time": 5451.404709339142}, "batch.step": {"label": "batch.step", "average_duration": 0.018221998729904057, "n_events": 14624, "total_time": 266.47850942611694}, "epoch_metrics.collect": {"label": "epoch_metrics.collect", "average_duration": 0.0007816778646933066, "n_events": 74, "total_time": 0.05784416198730469}, "reduce.allreduce": {"label": "reduce.allreduce", "average_duration": 37.58374723401563, "n_events": 145, "total_time": 5449.643348932266}, "reduce.flat_pack": {"label": "reduce.flat_pack", "average_duration": 0.0011416007732522899, "n_events": 145, "total_time": 0.16553211212158203}, "test.last": {"label": "test.last", "average_duration": 7.098767203253669, "n_events": 74, "total_time": 525.3087730407715}}