{"batch": {"label": "batch", "average_duration": 0.6968992166465691, "n_events": 14624, "total_time": 10191.454144239426}, "batch.accumulate": {"label": "batch.accumulate", "average_duration": 0.001485079732434503, "n_events": 145, "total_time": 0.21533656120300293}, "batch.backward": {"label": "batch.backward", "average_duration": 0.1830972925611085, "n_events": 14624, "total_time": 2677.6148064136505}, "batch.evaluate": {"label": "batch.evaluate", "average_duration": 0.002912798892356113, "n_events": 14624, "total_time": 42.596771001815796}, "batch.forward": {"label": "batch.forward", "average_duration": 0.10860855688281863, "n_events": 14624, "total_time": 1588.2915358543396}, "batch.reduce": {"label": "batch.reduce", "average_duration": 38.170335968609514, "n_events": 145, "total_time": 5534.6987154483795}, "batch.step": {"label": "batch.step", "average_duration": 0.01846150413188162, "n_events": 14624, "total_time": 269.98103642463684}, "epoch_metrics.collect": {"label": "epoch_metrics.collect", "average_duration": 0.0009291172027587891, "n_events": 74, "total_time": 0.06875467300415039}, "reduce.allreduce": {"label": "reduce.allreduce", "average_duration": 38.157046198022776, "n_events": 145, "total_time": 5532.771698713303}, "reduce.flat_pack": {"label": "reduce.flat_pack", "average_duration": 0.001141992108575229, "n_events": 145, "total_time": 0.1655888557434082}, "test.last": {"label": "test.last", "average_duration": 7.082554288812585, "n_events": 74, "total_time": 524.1090173721313}}