{"batch": {"label": "batch", "average_duration": 2.6475108052782446, "n_events": 579, "total_time": 1532.9087562561035}, "batch.accumulate": {"label": "batch.accumulate", "average_duration": 0.00025153407161099923, "n_events": 579, "total_time": 0.14563822746276855}, "batch.backward": {"label": "batch.backward", "average_duration": 0.05999251803791791, "n_events": 579, "total_time": 34.73566794395447}, "batch.evaluate": {"label": "batch.evaluate", "average_duration": 0.000697874652289356, "n_events": 579, "total_time": 0.4040694236755371}, "batch.forward": {"label": "batch.forward", "average_duration": 0.029475322453263304, "n_events": 579, "total_time": 17.066211700439453}, "batch.reduce": {"label": "batch.reduce", "average_duration": 2.554320411978608, "n_events": 579, "total_time": 1478.951518535614}, "batch.step": {"label": "batch.step", "average_duration": 0.0020934880706312744, "n_events": 579, "total_time": 1.2121295928955078}, "epoch_metrics.collect": {"label": "epoch_metrics.collect", "average_duration": 0.00021415286593967013, "n_events": 9, "total_time": 0.0019273757934570312}, "reduce.allreduce_K": {"label": "reduce.allreduce_K", "average_duration": 2.545759464586749, "n_events": 579, "total_time": 1473.9947299957275}, "reduce.flat_pack": {"label": "reduce.flat_pack", "average_duration": 0.0003048525367170212, "n_events": 579, "total_time": 0.17650961875915527}, "reduce.setgrad": {"label": "reduce.setgrad", "average_duration": 0.0012421970334489522, "n_events": 579, "total_time": 0.7192320823669434}, "reduce.topk": {"label": "reduce.topk", "average_duration": 0.0064969820473890025, "n_events": 579, "total_time": 3.7617526054382324}, "test.last": {"label": "test.last", "average_duration": 1.0487744808197021, "n_events": 9, "total_time": 9.43897032737732}}