{"batch": {"label": "batch", "average_duration": 0.5061907974159431, "n_events": 14624, "total_time": 7402.534221410751}, "batch.accumulate": {"label": "batch.accumulate", "average_duration": 0.0017476262717411436, "n_events": 145, "total_time": 0.2534058094024658}, "batch.backward": {"label": "batch.backward", "average_duration": 0.08751448511229563, "n_events": 14624, "total_time": 1279.8118302822113}, "batch.evaluate": {"label": "batch.evaluate", "average_duration": 0.0011532681645658397, "n_events": 14624, "total_time": 16.86539363861084}, "batch.forward": {"label": "batch.forward", "average_duration": 0.04687384335034786, "n_events": 14624, "total_time": 685.4830851554871}, "batch.reduce": {"label": "batch.reduce", "average_duration": 36.16874031198436, "n_events": 145, "total_time": 5244.467345237732}, "batch.step": {"label": "batch.step", "average_duration": 0.008330112490273147, "n_events": 14624, "total_time": 121.81956505775452}, "epoch_metrics.collect": {"label": "epoch_metrics.collect", "average_duration": 0.0007637030369526631, "n_events": 74, "total_time": 0.05651402473449707}, "reduce.allreduce": {"label": "reduce.allreduce", "average_duration": 36.15978338636201, "n_events": 145, "total_time": 5243.1685910224915}, "reduce.flat_pack": {"label": "reduce.flat_pack", "average_duration": 0.001059716323326374, "n_events": 145, "total_time": 0.15365886688232422}, "test.last": {"label": "test.last", "average_duration": 3.161186714430113, "n_events": 74, "total_time": 233.92781686782837}}