{"batch": {"label": "batch", "average_duration": 0.5037229843030091, "n_events": 14624, "total_time": 7366.444922447205}, "batch.accumulate": {"label": "batch.accumulate", "average_duration": 0.0013478016031199488, "n_events": 145, "total_time": 0.19543123245239258}, "batch.backward": {"label": "batch.backward", "average_duration": 0.08402891737496566, "n_events": 14624, "total_time": 1228.8388876914978}, "batch.evaluate": {"label": "batch.evaluate", "average_duration": 0.000858844810163427, "n_events": 14624, "total_time": 12.559746503829956}, "batch.forward": {"label": "batch.forward", "average_duration": 0.048574348100556844, "n_events": 14624, "total_time": 710.3512666225433}, "batch.reduce": {"label": "batch.reduce", "average_duration": 36.043615503968866, "n_events": 145, "total_time": 5226.324248075485}, "batch.step": {"label": "batch.step", "average_duration": 0.008626573358375082, "n_events": 14624, "total_time": 126.1550087928772}, "epoch_metrics.collect": {"label": "epoch_metrics.collect", "average_duration": 0.000754030975135597, "n_events": 74, "total_time": 0.05579829216003418}, "reduce.allreduce": {"label": "reduce.allreduce", "average_duration": 36.03484773142584, "n_events": 145, "total_time": 5225.052921056747}, "reduce.flat_pack": {"label": "reduce.flat_pack", "average_duration": 0.0010734788302717538, "n_events": 145, "total_time": 0.1556544303894043}, "test.last": {"label": "test.last", "average_duration": 2.979051364434732, "n_events": 74, "total_time": 220.44980096817017}}