{"batch": {"label": "batch", "average_duration": 0.3408225592951835, "n_events": 48749, "total_time": 16614.758943080902}, "batch.accumulate": {"label": "batch.accumulate", "average_duration": 0.04700277206745553, "n_events": 47, "total_time": 2.20913028717041}, "batch.backward": {"label": "batch.backward", "average_duration": 0.19154961165551584, "n_events": 48749, "total_time": 9337.852018594742}, "batch.evaluate": {"label": "batch.evaluate", "average_duration": 0.0024880505373065694, "n_events": 48749, "total_time": 121.28997564315796}, "batch.forward": {"label": "batch.forward", "average_duration": 0.09410334086305176, "n_events": 48749, "total_time": 4587.44376373291}, "batch.reduce": {"label": "batch.reduce", "average_duration": 31.12503296770948, "n_events": 47, "total_time": 1462.8765494823456}, "batch.step": {"label": "batch.step", "average_duration": 0.0201795766159396, "n_events": 48749, "total_time": 983.7341804504395}, "epoch_metrics.collect": {"label": "epoch_metrics.collect", "average_duration": 0.000708120415009648, "n_events": 249, "total_time": 0.17632198333740234}, "reduce.allreduce": {"label": "reduce.allreduce", "average_duration": 31.115147534837114, "n_events": 47, "total_time": 1462.4119341373444}, "reduce.flat_pack": {"label": "reduce.flat_pack", "average_duration": 0.0015702044710199884, "n_events": 47, "total_time": 0.07379961013793945}, "test.last": {"label": "test.last", "average_duration": 6.42467387230042, "n_events": 249, "total_time": 1599.7437942028046}}