{"batch": {"label": "batch", "average_duration": 0.28120014907078905, "n_events": 29249, "total_time": 8224.823160171509}, "batch.accumulate": {"label": "batch.accumulate", "average_duration": 0.0012712626113105066, "n_events": 291, "total_time": 0.3699374198913574}, "batch.backward": {"label": "batch.backward", "average_duration": 0.06167625024537233, "n_events": 29249, "total_time": 1803.9686434268951}, "batch.evaluate": {"label": "batch.evaluate", "average_duration": 0.0006050474766221934, "n_events": 29249, "total_time": 17.697033643722534}, "batch.forward": {"label": "batch.forward", "average_duration": 0.03545855432458403, "n_events": 29249, "total_time": 1037.1272554397583}, "batch.reduce": {"label": "batch.reduce", "average_duration": 17.665860935584785, "n_events": 291, "total_time": 5140.765532255173}, "batch.step": {"label": "batch.step", "average_duration": 0.005905640072698507, "n_events": 29249, "total_time": 172.73406648635864}, "epoch_metrics.collect": {"label": "epoch_metrics.collect", "average_duration": 0.0005813224895580395, "n_events": 74, "total_time": 0.04301786422729492}, "reduce.allreduce": {"label": "reduce.allreduce", "average_duration": 17.6576153273435, "n_events": 291, "total_time": 5138.366060256958}, "reduce.flat_pack": {"label": "reduce.flat_pack", "average_duration": 0.0010010679972540472, "n_events": 291, "total_time": 0.29131078720092773}, "test.last": {"label": "test.last", "average_duration": 4.187365953986709, "n_events": 74, "total_time": 309.8650805950165}}